"Handle","Last.Name","First.Name","State","Party","Seniority.Year","House"
"SenatorBaldwin","Baldwin","Tammy","WI","D",2013,"Senate"
"SenJohnBarrasso","Barrasso","John","WY","R",2007,"Senate"
"SenatorBennet","Bennet","Michael F.","CO","D",2009,"Senate"
"MarshaBlackburn","Blackburn","Marsha","TN","R",2019,"Senate"
"SenBlumenthal","Blumenthal","Richard","CT","D",2011,"Senate"
"RoyBlunt","Blunt","Roy","MO","R",2011,"Senate"
"CoryBooker","Booker","Cory A.","NJ","D",2013,"Senate"
"JohnBoozman","Boozman","John","AR","R",2011,"Senate"
"SenatorBraun","Braun","Mike","IN","R",2019,"Senate"
"SenSherrodBrown","Brown","Sherrod","OH","D",2007,"Senate"
"SenatorCantwell","Cantwell","Maria","WA","D",2001,"Senate"
"SenCapito","Capito","Shelley Moore","WV","R",2015,"Senate"
"SenatorCardin","Cardin","Benjamin L.","MD","D",2007,"Senate"
"SenatorCarper","Carper","Thomas R.","DE","D",2001,"Senate"
"SenBobCasey","Casey","Robert P. Jr.","PA","D",2007,"Senate"
"SenBillCassidy","Cassidy","Bill","LA","R",2015,"Senate"
"ChrisCoons","Coons","Christopher","DE","D",2010,"Senate"
"JohnCornyn","Cornyn","John","TX","R",2002,"Senate"
"SenCortezMasto","Cortez Masto","Catherine","NV","D",2017,"Senate"
"SenTomCotton","Cotton","Tom","AR","R",2015,"Senate"
"SenKevinCramer","Cramer","Kevin","ND","R",2019,"Senate"
"MikeCrapo","Crapo","Mike","ID","R",1999,"Senate"
"SenTedCruz","Cruz","Ted","TX","R",2013,"Senate"
"SteveDaines","Daines","Steve","MT","R",2015,"Senate"
"SenDuckworth","Duckworth","Tammy","IL","D",2017,"Senate"
"SenatorDurbin","Durbin","Richard J.","IL","D",1997,"Senate"
"SenJoniErnst","Ernst","Joni","IA","R",2015,"Senate"
"SenFeinstein","Feinstein","Dianne","CA","D",1992,"Senate"
"SenatorFischer","Fischer","Deb","NE","R",2013,"Senate"
"SenGillibrand","Gillibrand","Kirsten E.","NY","D",2009,"Senate"
"LindseyGrahamSC","Graham","Lindsey","SC","R",2003,"Senate"
"ChuckGrassley","Grassley","Chuck","IA","R",1981,"Senate"
"SenatorHagerty","Hagerty","Bill","TN","R",2021,"Senate"
"SenatorHassan","Hassan","Margaret Wood","NH","D",2017,"Senate"
"HawleyMO","Hawley","Josh","MO","R",2019,"Senate"
"MartinHeinrich","Heinrich","Martin","NM","D",2013,"Senate"
"SenatorHick","Hickenlooper","John W.","CO","D",2021,"Senate"
"maziehirono","Hirono","Mazie K.","HI","D",2013,"Senate"
"SenJohnHoeven","Hoeven","John","ND","R",2011,"Senate"
"SenHydeSmith","Hyde-Smith","Cindy","MS","R",2018,"Senate"
"JimInhofe","Inhofe","James M.","OK","R",1994,"Senate"
"SenRonJohnson","Johnson","Ron","WI","R",2011,"Senate"
"timkaine","Kaine","Tim","VA","D",2013,"Senate"
"SenMarkKelly","Kelly","Mark","AZ","D",2020,"Senate"
"SenJohnKennedy","Kennedy","John","LA","R",2017,"Senate"
"SenAngusKing","King","Angus S. Jr.","ME","I",2013,"Senate"
"SenAmyKlobuchar","Klobuchar","Amy","MN","D",2007,"Senate"
"SenatorLankford","Lankford","James","OK","R",2015,"Senate"
"SenatorLeahy","Leahy","Patrick J.","VT","D",1975,"Senate"
"SenMikeLee","Lee","Mike","UT","R",2011,"Senate"
"SenatorLujan","Luján","Ben Ray","NM","D",2021,"Senate"
"SenLummis","Lummis","Cynthia M.","WY","R",2021,"Senate"
"Sen_JoeManchin","Manchin","Joe, III","WV","D",2010,"Senate"
"SenMarkey","Markey","Edward J.","MA","D",2013,"Senate"
"SenatorMenendez","Menendez","Bob","NJ","D",2006,"Senate"
"SenJeffMerkley","Merkley","Jeff","OR","D",2009,"Senate"
"JerryMoran","Moran","Jerry","KS","R",2011,"Senate"
"lisamurkowski","Murkowski","Lisa","AK","R",2002,"Senate"
"ChrisMurphyCT","Murphy","Christopher","CT","D",2013,"Senate"
"PattyMurray","Murrary","Patty","WA","D",1993,"Senate"
"ossoff","Ossoff","Jon","GA","D",2021,"Senate"
"SenAlexPadilla","Padilla","Alex","CA","D",2021,"Senate"
"RandPaul","Paul","Rand","KY","R",2011,"Senate"
"SenGaryPeters","Peters","Gary C.","MI","D",2015,"Senate"
"senrobportman","Portman","Rob","OH","R",2011,"Senate"
"SenJackReed","Reed","Jack","RI","D",1997,"Senate"
"SenatorRisch","Risch","James E.","ID","R",2009,"Senate"
"SenatorRomney","Romney","Mitt","UT","R",2019,"Senate"
"SenJackyRosen","Rosen","Jacky","NV","D",2019,"Senate"
"marcorubio","Rubio","Marco","FL","R",2011,"Senate"
"SenSanders","Sanders","Bernard","VT","I",2007,"Senate"
"SenSchumer","Schumer","Charles E.","NY","D",1999,"Senate"
"SenRickScott","Scott","Rick","FL","R",2019,"Senate"
"SenatorTimScott","Scott","Tim","SC","R",2013,"Senate"
"SenatorShaheen","Shaheen","Jeanne","NH","D",2009,"Senate"
"SenatorSinema","Sinema","Kyrsten","AZ","D",2019,"Senate"
"SenTinaSmith","Smith","Tina","MN","D",2018,"Senate"
"SenStabenow","Stabenow","Debbie","MI","D",2001,"Senate"
"SenDanSullivan","Sullivan","Dan","AK","R",2015,"Senate"
"SenatorTester","Tester","Jon","MT","D",2007,"Senate"
"SenJohnThune","Thune","John","SD","R",2005,"Senate"
"SenThomTillis","Tillis","Thom","NC","R",2015,"Senate"
"SenToomey","Toomey","Patrick J.","PA","R",2011,"Senate"
"SenTuberville","Tuberville","Tommy","AL","R",2021,"Senate"
"ChrisVanHollen","Van Hollen","Chris","MD","D",2017,"Senate"
"MarkWarner","Warner","Mark R.","VA","D",2009,"Senate"
"SenatorWarnock","Warnock","Raphael G.","GA","D",2021,"Senate"
"SenWarren","Warren","Elizabeth","MA","D",2013,"Senate"
"SenWhitehouse","Whitehouse","Sheldon","RI","D",2007,"Senate"
"SenatorWicker","Wicker","Roger F.","MS","R",2007,"Senate"
"RonWyden","Wyden","Ron","OR","D",1996,"Senate"
"SenToddYoung","Young","Todd","IN","R",2017,"Senate"
"RepAdams","Adams","Alma","NC","D",2014,"Representatives "
"Robert_Aderholt","Aderholt","Robert","AL","R",1997,"Representatives "
"RepPeteAguilar","Aguilar","Pete","CA","D",2015,"Representatives "
"RepRickAllen","Allen","Rick","GA","R",2015,"Representatives "
"RepColinAllred","Allred","Colin","TX","D",2019,"Representatives "
"RepArmstrongND","Armstrong","Kelly","ND","R",2019,"Representatives "
"RepArrington","Arrington","Jodey","TX","R",2017,"Representatives "
"RepAuchincloss","Auchincloss","Jake","MA","D",2021,"Representatives "
"RepCindyAxne","Axne","Cindy","IA","D",2019,"Representatives "
"RepBrianBabin","Babin","Brian","TX","R",2015,"Representatives "
"RepDonBacon","Bacon","Don","NE","R",2017,"Representatives "
"RepJimBaird","Baird","Jim","IN","R",2019,"Representatives "
"RepBalderson","Balderson","Troy","OH","R",2018,"Representatives "
"RepJimBanks","Banks","Jim","IN","R",2017,"Representatives "
"RepAndyBarr","Barr","Andy","KY","R",2013,"Representatives "
"RepBarragan","Barragan","Nanette","CA","D",2017,"Representatives "
"RepKarenBass","Bass","Karen","CA","D",2011,"Representatives "
"RepBeatty","Beatty","Joyce","OH","D",2013,"Representatives "
"RepBera","Bera","Ami","CA","D",2013,"Representatives "
"RepDonBeyer","Beyer","Don","VA","D",2015,"Representatives "
"RepBice","Bice","Stephanie I.","OK","R",2021,"Representatives "
"RepAndyBiggsAZ","Biggs","Andy","AZ","R",2017,"Representatives "
"RepGusBilirakis","Bilirakis","Gus M.","FL","R",2007,"Representatives "
"SanfordBishop","Bishop Jr.","Sanford D.","GA","D",1993,"Representatives "
"RepDanBishop","Bishop","Dan","NC","R",2019,"Representatives "
"RepLBR","Blunt Rochester","Lisa","DE","D",2017,"Representatives "
"RepBoebert","Boebert","Lauren","CO","R",2021,"Representatives "
"RepBonamici","Bonamici","Suzanne","OR","D",2012,"Representatives "
"RepBost","Bost","Mike","IL","R",2015,"Representatives "
"RepBourdeaux","Bourdeaux","Carolyn","GA","D",2021,"Representatives "
"RepBowman","Bowman","Jamaal","NY","D",2021,"Representatives "
"CongBoyle","Boyle","Brendan","PA","D",2015,"Representatives "
"RepKevinBrady","Brady","Kevin","TX","R",1997,"Representatives "
"RepMoBrooks","Brooks","Mo","AL","R",2011,"Representatives "
"RepAnthonyBrown","Brown","Anthony","MD","D",2017,"Representatives "
"RepShontelBrown","Brown","Shontel","OH","D",2021,"Representatives "
"RepBrownley","Brownley","Julia","CA","D",2013,"Representatives "
"VernBuchanan","Buchanan","Vern","FL","R",2007,"Representatives "
"RepKenBuck","Buck","Ken","CO","R",2015,"Representatives "
"RepLarryBucshon","Bucshon","Larry","IN","R",2011,"Representatives "
"RepTedBudd","Budd","Ted","NC","R",2017,"Representatives "
"RepTimBurchett","Burchett","Tim","TN","R",2019,"Representatives "
"michaelcburgess","Burgess","Michael","TX","R",2003,"Representatives "
"RepCori","Bush","Cori","MO","D",2021,"Representatives "
"RepCheri","Bustos","Cheri","IL","D",2013,"Representatives "
"RepKatCammack","Cammack","Kat","FL","R",2021,"Representatives "
"RepCarbajal","Carbajal","Salud","CA","D",2017,"Representatives "
"RepCardenas","Cardenas","Tony","CA","D",2013,"Representatives "
"RepMikeCarey","Carey","Mike","OH","R",2021,"Representatives "
"RepJerryCarl","Carl","Jerry L.","AL","R",2021,"Representatives "
"RepAndreCarson","Carson","Andre","IN","D",2008,"Representatives "
"RepBuddyCarter","Carter","Buddy","GA","R",2015,"Representatives "
"JudgeCarter","Carter","John","TX","R",2003,"Representatives "
"RepTroyCarter","Carter","Troy","LA","D",2021,"Representatives "
"RepEdCase","Case","Ed","HI","D",2019,"Representatives "
"RepCasten","Casten","Sean","IL","D",2019,"Representatives "
"USRepKCastor","Castor","Kathy","FL","D",2007,"Representatives "
"JoaquinCastrotx","Castro","Joaquin","TX","D",2013,"Representatives "
"RepCawthorn","Cawthorn","Madison","NC","R",2021,"Representatives "
"RepSteveChabot","Chabot","Steve","OH","R",2011,"Representatives "
"RepLizCheney","Cheney","Liz","WY","R",2017,"Representatives "
"CongresswomanSC","Cherfilus-McCormick","Sheila","FL","D",2022,"Representatives "
"RepJudyChu","Chu","Judy","CA","D",2009,"Representatives "
"RepKClark","Clark","Katherine","MA","D",2013,"Representatives "
"RepYvetteClarke","Clarke","Yvette D.","NY","D",2007,"Representatives "
"repcleaver","Cleaver","Emanuel","MO","D",2005,"Representatives "
"RepBenCline","Cline","Ben","VA","R",2019,"Representatives "
"RepCloudTX","Cloud","Michael","TX","R",2018,"Representatives "
"WhipClyburn","Clyburn","James E.","SC","D",1993,"Representatives "
"Rep_Clyde","Clyde","Andrew S.","GA","R",2021,"Representatives "
"RepCohen","Cohen","Steve","TN","D",2007,"Representatives "
"TomColeOK04","Cole","Tom","OK","R",2003,"Representatives "
"RepJamesComer","Comer","James","KY","R",2016,"Representatives "
"GerryConnolly","Connolly","Gerald E. ""Gerry""","VA","D",2009,"Representatives "
"RepLouCorrea","Correa","J. Luis","CA","D",2017,"Representatives "
"RepJimCosta","Costa","Jim","CA","D",2005,"Representatives "
"RepJoeCourtney","Courtney","Joe","CT","D",2007,"Representatives "
"RepAngieCraig","Craig","Angie","MN","D",2019,"Representatives "
"RepCharlieCrist","Crist","Charlie","FL","D",2017,"Representatives "
"RepJasonCrow","Crow","Jason","CO","D",2019,"Representatives "
"RepJohnCurtis","Curtis","John R.","UT","R",2017,"Representatives "
"RepDavids","Davids","Sharice","KS","D",2019,"Representatives "
"WarrenDavidson","Davidson","Warren","OH","R",2016,"Representatives "
"RodneyDavis","Davis","Rodney","IL","R",2013,"Representatives "
"RepDean","Dean","Madeleine","PA","D",2019,"Representatives "
"RepPeterDeFazio","DeFazio","Peter","OR","D",1987,"Representatives "
"RepDianaDeGette","DeGette","Diana","CO","D",1997,"Representatives "
"rosadelauro","DeLauro","Rosa L.","CT","D",1991,"Representatives "
"RepDelBene","DelBene","Suzan","WA","D",2012,"Representatives "
"repdelgado","Delgado","Antonio","NY","D",2019,"Representatives "
"RepValDemings","Demings","Val","FL","D",2017,"Representatives "
"RepDeSaulnier","DeSaulnier","Mark","CA","D",2015,"Representatives "
"RepTedDeutch","Deutch","Ted","FL","D",2010,"Representatives "
"MarioDB","Diaz-Balart","Mario","FL","R",2003,"Representatives "
"RepDebDingell","Dingell","Debbie","MI","D",2015,"Representatives "
"RepLloydDoggett","Doggett","Lloyd","TX","D",1995,"Representatives "
"RepDonaldsPress","Donalds","Byron","FL","R",2021,"Representatives "
"USRepMikeDoyle","Doyle","Michael","PA","D",1995,"Representatives "
"RepJeffDuncan","Duncan","Jeff","SC","R",2011,"Representatives "
"DrNealDunnFL2","Dunn","Neal","FL","R",2017,"Representatives "
"RepTomEmmer","Emmer","Tom","MN","R",2015,"Representatives "
"RepEscobar","Escobar","Veronica","TX","D",2019,"Representatives "
"RepAnnaEshoo","Eshoo","Anna A.","CA","D",1993,"Representatives "
"RepEspaillat","Espaillat","Adriano","NY","D",2017,"Representatives "
"RepRonEstes","Estes","Ron","KS","R",2017,"Representatives "
"RepDwightEvans","Evans","Dwight","PA","D",2016,"Representatives "
"RepPatFallon","Fallon","Pat","TX","R",2021,"Representatives "
"RepFeenstra","Feenstra","Randy","IA","R",2021,"Representatives "
"RepDrewFerguson","Ferguson","A. Drew","GA","R",2017,"Representatives "
"RepFischbach","Fischbach","Michelle","MN","R",2021,"Representatives "
"RepBrianFitz","Fitzpatrick","Brian","PA","R",2017,"Representatives "
"RepChuck","Fleischmann","Chuck","TN","R",2011,"Representatives "
"RepFletcher","Fletcher","Lizzie","TX","D",2019,"Representatives "
"RepBillFoster","Foster","Bill","IL","D",2013,"Representatives "
"virginiafoxx","Foxx","Virginia","NC","R",2005,"Representatives "
"RepLoisFrankel","Frankel","Lois","FL","D",2013,"Representatives "
"RepFranklin","Franklin","C. Scott","FL","R",2021,"Representatives "
"RepRussFulcher","Fulcher","Russ","ID","R",2019,"Representatives "
"RepMattGaetz","Gaetz","Matt","FL","R",2017,"Representatives "
"RepGallagher","Gallagher","Mike","WI","R",2017,"Representatives "
"RepRubenGallego","Gallego","Ruben","AZ","D",2015,"Representatives "
"RepGaramendi","Garamendi","John","CA","D",2009,"Representatives "
"RepGarbarino","Garbarino","Andrew R.","NY","R",2021,"Representatives "
"RepChuyGarcia","García","Jesús ""Chuy""","IL","D",2019,"Representatives "
"RepMikeGarcia","Garcia","Mike","CA","R",2020,"Representatives "
"RepSylviaGarcia","Garcia","Sylvia","TX","D",2019,"Representatives "
"RepBobGibbs","Gibbs","Bob","OH","R",2011,"Representatives "
"RepCarlos","Gimenez","Carlos A.","FL","R",2021,"Representatives "
"replouiegohmert","Gohmert","Louie","TX","R",2005,"Representatives "
"RepGolden","Golden","Jared","ME","D",2019,"Representatives "
"RepJimmyGomez","Gomez","Jimmy","CA","D",2017,"Representatives "
"RepTonyGonzales","Gonzales","Tony","TX","R",2021,"Representatives "
"RepJenniffer","Gonzalez","Jenniffer","PR","R",2017,"Representatives "
"RepGonzalez","Gonzalez","Vicente","TX","D",2017,"Representatives "
"RepBobGood","Good","Bob","VA","R",2021,"Representatives "
"Lancegooden","Gooden","Lance","TX","R",2019,"Representatives "
"RepGosar","Gosar","Paul A.","AZ","R",2011,"Representatives "
"RepJoshG","Gottheimer","Josh","NJ","D",2017,"Representatives "
"RepKayGranger","Granger","Kay","TX","R",1997,"Representatives "
"RepGarretGraves","Graves","Garret","LA","R",2015,"Representatives "
"RepAlGreen","Green","Al","TX","D",2005,"Representatives "
"RepMarkGreen","Green","Mark","TN","R",2019,"Representatives "
"RepMTG","Greene","Majorie Taylor","GA","R",2021,"Representatives "
"RepMGriffith","Griffith","Morgan","VA","R",2011,"Representatives "
"RepRaulGrijalva","Grijalva","Raul","AZ","D",2003,"Representatives "
"RepGrothman","Grothman","Glenn","WI","R",2015,"Representatives "
"RepMichaelGuest","Guest","Michael","MS","R",2019,"Representatives "
"RepGuthrie","Guthrie","S. Brett","KY","R",2009,"Representatives "
"RepJoshHarder","Harder","Josh","CA","D",2019,"Representatives "
"RepHarshbarger","Harshbarger","Diana","TN","R",2021,"Representatives "
"RepHartzler","Hartzler","Vicky","MO","R",2011,"Representatives "
"RepJahanaHayes","Hayes","Jahana","CT","D",2019,"Representatives "
"repkevinhern","Hern","Kevin","OK","R",2018,"Representatives "
"RepHerrell","Herrell","Yvette","NM","R",2021,"Representatives "
"CongressmanHice","Hice","Jody","GA","R",2015,"Representatives "
"RepBrianHiggins","Higgins","Brian","NY","D",2005,"Representatives "
"RepClayHiggins","Higgins","Clay","LA","R",2017,"Representatives "
"RepFrenchHill","Hill","French","AR","R",2015,"Representatives "
"jahimes","Himes","Jim","CT","D",2009,"Representatives "
"RepAshleyHinson","Hinson","Ashley","IA","R",2021,"Representatives "
"RepHorsford","Horsford","Steven","NV","D",2019,"Representatives "
"RepHoulahan","Houlahan","Chrissy","PA","D",2019,"Representatives "
"LeaderHoyer","Hoyer","Steny H.","MD","D",1981,"Representatives "
"RepRichHudson","Hudson","Richard","NC","R",2013,"Representatives "
"RepHuffman","Huffman","Jared","CA","D",2013,"Representatives "
"RepHuizenga","Huizenga","Bill","MI","R",2011,"Representatives "
"repdarrellissa","Issa","Darrell","CA","R",2021,"Representatives "
"JacksonLeeTX18","Jackson Lee","Sheila","TX","D",1995,"Representatives "
"RepRonnyJackson","Jackson","Ronny","TX","R",2021,"Representatives "
"RepJacobs","Jacobs","Chris","NY","R",2020,"Representatives "
"RepSaraJacobs","Jacobs","Sara","CA","D",2021,"Representatives "
"RepJayapal","Jayapal","Pramila","WA","D",2017,"Representatives "
"RepJeffries","Jeffries","Hakeem","NY","D",2013,"Representatives "
"RepBillJohnson","Johnson","Bill","OH","R",2011,"Representatives "
"RepDustyJohnson","Johnson","Dusty","SD","R",2019,"Representatives "
"RepEBJ","Johnson","Eddie Bernice","TX","D",1993,"Representatives "
"RepHankJohnson","Johnson","Henry C. ""Hank"" Jr.","GA","D",2007,"Representatives "
"RepMikeJohnson","Johnson","Mike","LA","R",2017,"Representatives "
"RepMondaire","Jones","Mondaire","NY","D",2021,"Representatives "
"Jim_Jordan","Jordan","Jim","OH","R",2007,"Representatives "
"RepDaveJoyce","Joyce","David","OH","R",2013,"Representatives "
"RepJohnJoyce","Joyce","John","PA","R",2019,"Representatives "
"RepJohnKatko","Katko","John","NY","R",2015,"Representatives "
"USRepKeating","Keating","William","MA","D",2011,"Representatives "
"RepFredKeller","Keller","Fred","PA","R",2019,"Representatives "
"MikeKellyPA","Kelly","Mike","PA","R",2011,"Representatives "
"RepRobinKelly","Kelly","Robin","IL","D",2013,"Representatives "
"RepRoKhanna","Khanna","Ro","CA","D",2017,"Representatives "
"RepDanKildee","Kildee","Dan","MI","D",2013,"Representatives "
"RepDerekKilmer","Kilmer","Derek","WA","D",2013,"Representatives "
"RepAndyKimNJ","Kim","Andy","NJ","D",2019,"Representatives "
"RepYoungKim","Kim","Young","CA","R",2021,"Representatives "
"RepRonKind","Kind","Ron","WI","D",1997,"Representatives "
"RepKirkpatrick","Kirkpatrick","Ann","AZ","D",2019,"Representatives "
"CongressmanRaja","Krishnamoorthi","Raja","IL","D",2017,"Representatives "
"RepAnnieKuster","Kuster","Ann","NH","D",2013,"Representatives "
"RepDavidKustoff","Kustoff","David","TN","R",2017,"Representatives "
"RepLaHood","LaHood","Darin","IL","R",2015,"Representatives "
"RepLaMalfa","LaMalfa","Doug","CA","R",2013,"Representatives "
"JimLangevin","Langevin","Jim","RI","D",2001,"Representatives "
"RepRickLarsen","Larsen","Rick","WA","D",2001,"Representatives "
"RepJohnLarson","Larson","John B.","CT","D",1999,"Representatives "
"boblatta","Latta","Robert E.","OH","R",2007,"Representatives "
"RepLaTurner","LaTurner","Jake","KS","R",2021,"Representatives "
"RepLawrence","Lawrence","Brenda","MI","D",2015,"Representatives "
"RepAlLawsonJr","Lawson","Al","FL","D",2017,"Representatives "
"RepBarbaraLee","Lee","Barbara","CA","D",1998,"Representatives "
"RepSusieLee","Lee","Susie","NV","D",2019,"Representatives "
"RepTeresaLF","Leger Fernandez","Teresa","NM","D",2021,"Representatives "
"RepDLesko","Lesko","Debbie","AZ","R",2018,"Representatives "
"RepJuliaLetlow","Letlow","Julia","LA","R",2021,"Representatives "
"RepAndyLevin","Levin","Andy","MI","D",2019,"Representatives "
"RepMikeLevin","Levin","Mike","CA","D",2019,"Representatives "
"RepTedLieu","Lieu","Ted","CA","D",2015,"Representatives "
"USRepLong","Long","Billy","MO","R",2011,"Representatives "
"RepLoudermilk","Loudermilk","Barry","GA","R",2015,"Representatives "
"RepLowenthal","Lowenthal","Alan","CA","D",2013,"Representatives "
"RepFrankLucas","Lucas","Frank","OK","R",1994,"Representatives "
"RepBlaine","Luetkemeyer","Blaine","MO","R",2009,"Representatives "
"RepElaineLuria","Luria","Elaine","VA","D",2019,"Representatives "
"RepNancyMace","Mace","Nancy","SC","R",2021,"Representatives "
"RepMalinowski","Malinowski","Tom","NJ","D",2019,"Representatives "
"RepMalliotakis","Malliotakis","Nicole","NY","R",2021,"Representatives "
"RepMaloney","Maloney","Carolyn","NY","D",1993,"Representatives "
"RepSeanMaloney","Maloney","Sean Patrick","NY","D",2013,"Representatives "
"RepKManning","Manning","Kathy E.","NC","D",2021,"Representatives "
"RepThomasMassie","Massie","Thomas","KY","R",2012,"Representatives "
"RepBrianMast","Mast","Brian","FL","R",2017,"Representatives "
"DorisMatsui","Matsui","Doris O.","CA","D",2005,"Representatives "
"RepLucyMcBath","McBath","Lucy","GA","D",2019,"Representatives "
"GOPLeader","McCarthy","Kevin","CA","R",2007,"Representatives "
"RepMcCaul","McCaul","Michael T.","TX","R",2005,"Representatives "
"RepLisaMcClain","McClain","Lisa C.","MI","R",2021,"Representatives "
"BettyMcCollum04","McCollum","Betty","MN","D",2001,"Representatives "
"RepMcEachin","McEachin","A. Donald","VA","D",2017,"Representatives "
"RepMcGovern","McGovern","James","MA","D",1997,"Representatives "
"PatrickMcHenry","McHenry","Patrick T.","NC","R",2005,"Representatives "
"RepMcKinley","McKinley","David","WV","R",2011,"Representatives "
"RepGregoryMeeks","Meeks","Gregory W.","NY","D",1998,"Representatives "
"RepMeijer","Meijer","Peter","MI","R",2021,"Representatives "
"RepGraceMeng","Meng","Grace","NY","D",2013,"Representatives "
"RepMeuser","Meuser","Daniel","PA","R",2019,"Representatives "
"RepKweisiMfume","Mfume","Kweisi","MD","D",2020,"Representatives "
"RepMMM","Miller-Meeks","Mariannette","IA","R",2021,"Representatives "
"RepCarolMiller","Miller","Carol","WV","R",2019,"Representatives "
"RepMaryMiller","Miller","Mary E.","IL","R",2021,"Representatives "
"RepAlexMooney","Mooney","Alex","WV","R",2015,"Representatives "
"RepBarryMoore","Moore","Barry","AL","R",2021,"Representatives "
"RepBlakeMoore","Moore","Blake D.","UT","R",2021,"Representatives "
"RepGwenMoore","Moore","Gwen","WI","D",2005,"Representatives "
"RepJoeMorelle","Morelle","Jospeh","NY","D",2018,"Representatives "
"RepMullin","Mullin","Markwayne","OK","R",2013,"Representatives "
"RepGregMurphy","Murphy","Gregory Francis","NC","R",2019,"Representatives "
"RepStephMurphy","Murphy","Stephanie","FL","D",2017,"Representatives "
"RepJerryNadler","Nadler","Jerrold","NY","D",1992,"Representatives "
"gracenapolitano","Napolitano","Grace","CA","D",1999,"Representatives "
"RepRichardNeal","Neal","Richard E.","MA","D",1989,"Representatives "
"RepJoeNeguse","Neguse","Joe","CO","D",2019,"Representatives "
"RepTroyNehls","Nehls","Troy E.","TX","R",2021,"Representatives "
"RepNewhouse","Newhouse","Dan","WA","R",2015,"Representatives "
"RepMarieNewman","Newman","Marie","IL","D",2021,"Representatives "
"DonaldNorcross","Norcross","Donald","NJ","D",2014,"Representatives "
"RepRalphNorman","Norman","Ralph","SC","R",2017,"Representatives "
"EleanorNorton","Norton","Eleanor Holmes","DC","D",1991,"Representatives "
"RepOHalleran","O'Halleran","Tom","AZ","D",2017,"Representatives "
"JayObernolte","Obernolte","Jay","CA","R",2021,"Representatives "
"Ilhan","Omar","Ilhan","MN","D",2019,"Representatives "
"RepBurgessOwens","Owens","Burgess","UT","R",2021,"Representatives "
"CongPalazzo","Palazzo","Steven","MS","R",2011,"Representatives "
"FrankPallone","Pallone Jr.","Frank","NJ","D",1988,"Representatives "
"USRepGaryPalmer","Palmer","Gary","AL","R",2015,"Representatives "
"RepJimmyPanetta","Panetta","Jimmy","CA","D",2017,"Representatives "
"RepChrisPappas","Pappas","Chris","NH","D",2019,"Representatives "
"BillPascrell","Pascrell Jr.","Bill","NJ","D",1997,"Representatives "
"RepDonaldPayne","Payne Jr.","Donald","NJ","D",2012,"Representatives "
"SpeakerPelosi","Pelosi","Nancy","CA","D",1987,"Representatives "
"RepPerlmutter","Perlmutter","Ed","CO","D",2007,"Representatives "
"RepScottPeters","Peters","Scott","CA","D",2013,"Representatives "
"RepPfluger","Pfluger","August","TX","R",2021,"Representatives "
"RepDeanPhillips","Phillips","Dean","MN","D",2019,"Representatives "
"chelliepingree","Pingree","Chellie","ME","D",2009,"Representatives "
"StaceyPlaskett","Plaskett","Stacey","VI","D",2015,"Representatives "
"repmarkpocan","Pocan","Mark","WI","D",2013,"Representatives "
"RepKatiePorter","Porter","Katie","CA","D",2019,"Representatives "
"RepPressley","Pressley","Ayanna","MA","D",2019,"Representatives "
"RepDavidEPrice","Price","David","NC","D",1997,"Representatives "
"RepMikeQuigley","Quigley","Mike","IL","D",2009,"Representatives "
"RepRaskin","Raskin","Jamie","MD","D",2017,"Representatives "
"GReschenthaler","Reschenthaler","Guy","PA","R",2019,"Representatives "
"RepKathleenRice","Rice","Kathleen","NY","D",2015,"Representatives "
"RepTomRice","Rice","Tom","SC","R",2013,"Representatives "
"cathymcmorris","Rodgers","Cathy McMorris","WA","R",2005,"Representatives "
"RepMikeRogersAL","Rogers","Mike","AL","R",2003,"Representatives "
"RepJohnRose","Rose","John W.","TN","R",2019,"Representatives "
"RepRosendale","Rosendale","Matthew M.","MT","R",2021,"Representatives "
"RepDeborahRoss","Ross","Deborah K.","NC","D",2021,"Representatives "
"RepDavidRouzer","Rouzer","David","NC","R",2015,"Representatives "
"RepChipRoy","Roy","Chip","TX","R",2019,"Representatives "
"RepRoybalAllard","Roybal-Allard","Lucille","CA","D",1993,"Representatives "
"RepRaulRuizMD","Ruiz","Raul","CA","D",2013,"Representatives "
"Call_Me_Dutch","Ruppersberger","C. A. Dutch","MD","D",2003,"Representatives "
"RepBobbyRush","Rush","Bobby L.","IL","D",1993,"Representatives "
"RepTimRyan","Ryan","Tim","OH","D",2003,"Representatives "
"Kilili_Sablan","Sablan","Gregorio","MP","D",2009,"Representatives "
"RepMariaSalazar","Salazar","Maria Elvira","FL","R",2021,"Representatives "
"RepLindaSanchez","Sanchez","Linda","CA","D",2003,"Representatives "
"RepSarbanes","Sarbanes","John P.","MD","D",2007,"Representatives "
"SteveScalise","Scalise","Steve","LA","R",2008,"Representatives "
"RepMGS","Scanlon","Mary Gay","PA","D",2018,"Representatives "
"janschakowsky","Schakowsky","Jan","IL","D",1999,"Representatives "
"RepAdamSchiff","Schiff","Adam","CA","D",2001,"Representatives "
"RepSchneider","Schneider","Bradley","IL","D",2017,"Representatives "
"RepSchrader","Schrader","Kurt","OR","D",2009,"Representatives "
"RepKimSchrier","Schrier","Kim","WA","D",2019,"Representatives "
"RepDavid","Schweikert","David","AZ","R",2011,"Representatives "
"AustinScottGA08","Scott","Austin","GA","R",2011,"Representatives "
"BobbyScott","Scott","Robert C.","VA","D",1993,"Representatives "
"PeteSessions","Sessions","Pete","TX","R",2021,"Representatives "
"RepTerriSewell","Sewell","Terri A.","AL","D",2011,"Representatives "
"BradSherman","Sherman","Brad","CA","D",1997,"Representatives "
"RepSherrill","Sherrill","Mikie","NJ","D",2019,"Representatives "
"CongMikeSimpson","Simpson","Mike","ID","R",1999,"Representatives "
"RepSires","Sires","Albio","NJ","D",2006,"Representatives "
"RepSlotkin","Slotkin","Elissa","MI","D",2019,"Representatives "
"RepAdamSmith","Smith","Adam","WA","D",1997,"Representatives "
"RepAdrianSmith","Smith","Adrian","NE","R",2007,"Representatives "
"RepJasonSmith","Smith","Jason","MO","R",2013,"Representatives "
"RepSmucker","Smucker","Lloyd","PA","R",2017,"Representatives "
"RepDarrenSoto","Soto","Darren","FL","D",2017,"Representatives "
"RepSpanberger","Spanberger","Abigail","VA","D",2019,"Representatives "
"RepSpartz","Spartz","Victoria","IN","R",2021,"Representatives "
"RepSpeier","Speier","Jackie","CA","D",2008,"Representatives "
"Rep_Stansbury","Stansbury","Melanie","NM","D",2021,"Representatives "
"RepGregStanton","Stanton","Greg","AZ","D",2019,"Representatives "
"RepPeteStauber","Stauber","Pete","MN","R",2019,"Representatives "
"RepSteel","Steel","Michelle","CA","R",2021,"Representatives "
"RepStefanik","Stefanik","Elise","NY","R",2015,"Representatives "
"RepBryanSteil","Steil","Bryan","WI","R",2019,"Representatives "
"RepGregSteube","Steube","W. Gregory","FL","R",2019,"Representatives "
"RepHaleyStevens","Stevens","Haley","MI","D",2019,"Representatives "
"RepChrisStewart","Stewart","Chris","UT","R",2013,"Representatives "
"RepStricklandWA","Strickland","Marilyn","WA","D",2021,"Representatives "
"RepTomSuozzi","Suozzi","Thomas","NY","D",2017,"Representatives "
"RepSwalwell","Swalwell","Eric","CA","D",2013,"Representatives "
"RepMarkTakano","Takano","Mark","CA","D",2013,"Representatives "
"claudiatenney","Tenney","Claudia","NY","R",2021,"Representatives "
"BennieGThompson","Thompson","Bennie G.","MS","D",1993,"Representatives "
"RepThompson","Thompson","Mike","CA","D",1999,"Representatives "
"RepTiffany","Tiffany","Thomas P.","WI","R",2020,"Representatives "
"RepTimmons","Timmons","William","SC","R",2019,"Representatives "
"repdinatitus","Titus","Dina","NV","D",2013,"Representatives "
"RepRashida","Tlaib","Rashida","MI","D",2019,"Representatives "
"RepPaulTonko","Tonko","Paul D.","NY","D",2009,"Representatives "
"NormaJTorres","Torres","Norma","CA","D",2015,"Representatives "
"RepRitchie","Torres","Ritchie","NY","D",2021,"Representatives "
"RepLoriTrahan","Trahan","Lori","MA","D",2019,"Representatives "
"RepDavidTrone","Trone","David","MD","D",2019,"Representatives "
"RepMikeTurner","Turner","Mike","OH","R",2003,"Representatives "
"RepUnderwood","Underwood","Lauren","IL","D",2019,"Representatives "
"RepDavidValadao","Valadao","David G.","CA","R",2021,"Representatives "
"RepBethVanDuyne","Van Duyne","Beth","TX","R",2021,"Representatives "
"RepJuanVargas","Vargas","Juan","CA","D",2013,"Representatives "
"RepVeasey","Veasey","Marc","TX","D",2013,"Representatives "
"NydiaVelazquez","Velazquez","Nydia M.","NY","D",1993,"Representatives "
"RepAnnWagner","Wagner","Ann","MO","R",2013,"Representatives "
"RepWalberg","Walberg","Tim","MI","R",2011,"Representatives "
"RepWalorski","Walorski","Jackie","IN","R",2013,"Representatives "
"michaelgwaltz","Waltz","Michael","FL","R",2019,"Representatives "
"RepDWStweets","Wasserman Schultz","Debbie","FL","D",2005,"Representatives "
"RepBonnie","Watson Coleman","Bonnie","NJ","D",2015,"Representatives "
"RepWebster","Webster","Daniel","FL","R",2011,"Representatives "
"PeterWelch","Welch","Peter","VT","D",2007,"Representatives "
"RepWesterman","Westerman","Bruce","AR","R",2015,"Representatives "
"RepWexton","Wexton","Jennifer","VA","D",2019,"Representatives "
"RepSusanWild","Wild","Susan","PA","D",2018,"Representatives "
"RepNikema","Williams","Nikema","GA","D",2021,"Representatives "
"RepRWilliams","Williams","Roger","TX","R",2013,"Representatives "
"RepWilson","Wilson","Frederica","FL","D",2011,"Representatives "
"RepJoeWilson","Wilson","Joe","SC","R",2001,"Representatives "
"RobWittman","Wittman","Robert J.","VA","R",2007,"Representatives "
"rep_stevewomack","Womack","Steve","AR","R",2011,"Representatives "
"RepJohnYarmuth","Yarmuth","John A.","KY","D",2007,"Representatives "
"RepLeeZeldin","Zeldin","Lee","NY","R",2015,"Representatives "
